{
  "project_info": {
    "project_number": "553078304415",
    "firebase_url": "https://ciya001-default-rtdb.firebaseio.com",
    "project_id": "ciya001",
    "storage_bucket": "ciya001.appspot.com"
  },
  "client": [
    {
      "client_info": {
        "mobilesdk_app_id": "1:553078304415:android:a6ff5350979b9c2e28fcaa",
        "android_client_info": {
          "package_name": "com.paydev.ciya"
        }
      },
      "oauth_client": [
        {
          "client_id": "553078304415-mbb0fh49a7h1kfh5h8hk49uu5jspsqkq.apps.googleusercontent.com",
          "client_type": 1,
          "android_info": {
            "package_name": "com.paydev.ciya",
            "certificate_hash": "5b1b94848f31babb1db48f6912e9cf92ed50cba4"
          }
        },
        {
          "client_id": "553078304415-8inu8t6knapndh96c2u8rmvn0dq71dua.apps.googleusercontent.com",
          "client_type": 3
        }
      ],
      "api_key": [
        {
          "current_key": "AIzaSyD-r0u3FOE6ToB3yaLcu7PIcCzJWmWwhaE"
        }
      ],
      "services": {
        "appinvite_service": {
          "other_platform_oauth_client": [
            {
              "client_id": "553078304415-8inu8t6knapndh96c2u8rmvn0dq71dua.apps.googleusercontent.com",
              "client_type": 3
            },
            {
              "client_id": "553078304415-6cm7inpok8k8rlck4cdgnteq4195jhto.apps.googleusercontent.com",
              "client_type": 2,
              "ios_info": {
                "bundle_id": "com.Paydev.Ciya"
              }
            }
          ]
        }
      }
    }
  ],
  "configuration_version": "1"
}